player_x,player_y,fullscreen
59.76041666666746,6.472528125,0
